{
	"ImportPath": "github.com/srbry/gogobosh",
	"GoVersion": "go1.6",
	"GodepVersion": "v79",
	"Deps": [
		{
			"ImportPath": "github.com/codegangsta/inject",
			"Comment": "v1.0-rc1-10-g33e0aa1",
			"Rev": "33e0aa1cb7c019ccc3fbe049a8262a6403d30504"
		},
		{
			"ImportPath": "github.com/go-martini/martini",
			"Comment": "v1.0-183-gb174c4f",
			"Rev": "b174c4f35f9f3805e960be6286d888bc79534755"
		},
		{
			"ImportPath": "github.com/martini-contrib/render",
			"Rev": "ec18f8345a1181146728238980606fb1d6f40e8c"
		},
		{
			"ImportPath": "github.com/onsi/ginkgo",
			"Comment": "v1.2.0-52-g2c2e9bb",
			"Rev": "2c2e9bb47b4e44067024f29339588cac8b34dd12"
		},
		{
			"ImportPath": "github.com/onsi/ginkgo/config",
			"Comment": "v1.2.0-52-g2c2e9bb",
			"Rev": "2c2e9bb47b4e44067024f29339588cac8b34dd12"
		},
		{
			"ImportPath": "github.com/onsi/ginkgo/internal/codelocation",
			"Comment": "v1.2.0-52-g2c2e9bb",
			"Rev": "2c2e9bb47b4e44067024f29339588cac8b34dd12"
		},
		{
			"ImportPath": "github.com/onsi/ginkgo/internal/containernode",
			"Comment": "v1.2.0-52-g2c2e9bb",
			"Rev": "2c2e9bb47b4e44067024f29339588cac8b34dd12"
		},
		{
			"ImportPath": "github.com/onsi/ginkgo/internal/failer",
			"Comment": "v1.2.0-52-g2c2e9bb",
			"Rev": "2c2e9bb47b4e44067024f29339588cac8b34dd12"
		},
		{
			"ImportPath": "github.com/onsi/ginkgo/internal/leafnodes",
			"Comment": "v1.2.0-52-g2c2e9bb",
			"Rev": "2c2e9bb47b4e44067024f29339588cac8b34dd12"
		},
		{
			"ImportPath": "github.com/onsi/ginkgo/internal/remote",
			"Comment": "v1.2.0-52-g2c2e9bb",
			"Rev": "2c2e9bb47b4e44067024f29339588cac8b34dd12"
		},
		{
			"ImportPath": "github.com/onsi/ginkgo/internal/spec",
			"Comment": "v1.2.0-52-g2c2e9bb",
			"Rev": "2c2e9bb47b4e44067024f29339588cac8b34dd12"
		},
		{
			"ImportPath": "github.com/onsi/ginkgo/internal/specrunner",
			"Comment": "v1.2.0-52-g2c2e9bb",
			"Rev": "2c2e9bb47b4e44067024f29339588cac8b34dd12"
		},
		{
			"ImportPath": "github.com/onsi/ginkgo/internal/suite",
			"Comment": "v1.2.0-52-g2c2e9bb",
			"Rev": "2c2e9bb47b4e44067024f29339588cac8b34dd12"
		},
		{
			"ImportPath": "github.com/onsi/ginkgo/internal/testingtproxy",
			"Comment": "v1.2.0-52-g2c2e9bb",
			"Rev": "2c2e9bb47b4e44067024f29339588cac8b34dd12"
		},
		{
			"ImportPath": "github.com/onsi/ginkgo/internal/writer",
			"Comment": "v1.2.0-52-g2c2e9bb",
			"Rev": "2c2e9bb47b4e44067024f29339588cac8b34dd12"
		},
		{
			"ImportPath": "github.com/onsi/ginkgo/reporters",
			"Comment": "v1.2.0-52-g2c2e9bb",
			"Rev": "2c2e9bb47b4e44067024f29339588cac8b34dd12"
		},
		{
			"ImportPath": "github.com/onsi/ginkgo/reporters/stenographer",
			"Comment": "v1.2.0-52-g2c2e9bb",
			"Rev": "2c2e9bb47b4e44067024f29339588cac8b34dd12"
		},
		{
			"ImportPath": "github.com/onsi/ginkgo/types",
			"Comment": "v1.2.0-52-g2c2e9bb",
			"Rev": "2c2e9bb47b4e44067024f29339588cac8b34dd12"
		},
		{
			"ImportPath": "github.com/onsi/gomega",
			"Comment": "v1.0-91-g7ce781e",
			"Rev": "7ce781ea776b2fd506491011353bded2e40c8467"
		},
		{
			"ImportPath": "github.com/onsi/gomega/format",
			"Comment": "v1.0-91-g7ce781e",
			"Rev": "7ce781ea776b2fd506491011353bded2e40c8467"
		},
		{
			"ImportPath": "github.com/onsi/gomega/internal/assertion",
			"Comment": "v1.0-91-g7ce781e",
			"Rev": "7ce781ea776b2fd506491011353bded2e40c8467"
		},
		{
			"ImportPath": "github.com/onsi/gomega/internal/asyncassertion",
			"Comment": "v1.0-91-g7ce781e",
			"Rev": "7ce781ea776b2fd506491011353bded2e40c8467"
		},
		{
			"ImportPath": "github.com/onsi/gomega/internal/oraclematcher",
			"Comment": "v1.0-91-g7ce781e",
			"Rev": "7ce781ea776b2fd506491011353bded2e40c8467"
		},
		{
			"ImportPath": "github.com/onsi/gomega/internal/testingtsupport",
			"Comment": "v1.0-91-g7ce781e",
			"Rev": "7ce781ea776b2fd506491011353bded2e40c8467"
		},
		{
			"ImportPath": "github.com/onsi/gomega/matchers",
			"Comment": "v1.0-91-g7ce781e",
			"Rev": "7ce781ea776b2fd506491011353bded2e40c8467"
		},
		{
			"ImportPath": "github.com/onsi/gomega/matchers/support/goraph/bipartitegraph",
			"Comment": "v1.0-91-g7ce781e",
			"Rev": "7ce781ea776b2fd506491011353bded2e40c8467"
		},
		{
			"ImportPath": "github.com/onsi/gomega/matchers/support/goraph/edge",
			"Comment": "v1.0-91-g7ce781e",
			"Rev": "7ce781ea776b2fd506491011353bded2e40c8467"
		},
		{
			"ImportPath": "github.com/onsi/gomega/matchers/support/goraph/node",
			"Comment": "v1.0-91-g7ce781e",
			"Rev": "7ce781ea776b2fd506491011353bded2e40c8467"
		},
		{
			"ImportPath": "github.com/onsi/gomega/matchers/support/goraph/util",
			"Comment": "v1.0-91-g7ce781e",
			"Rev": "7ce781ea776b2fd506491011353bded2e40c8467"
		},
		{
			"ImportPath": "github.com/onsi/gomega/types",
			"Comment": "v1.0-91-g7ce781e",
			"Rev": "7ce781ea776b2fd506491011353bded2e40c8467"
		},
		{
			"ImportPath": "github.com/oxtoacart/bpool",
			"Rev": "4e1c5567d7c2dd59fa4c7c83d34c2f3528b025d6"
		},
		{
			"ImportPath": "golang.org/x/net/context",
			"Rev": "1aafd77e1e7f6849ad16a7bdeb65e3589a10b2bb"
		},
		{
			"ImportPath": "golang.org/x/oauth2",
			"Rev": "ad516a297a9f2a74ecc244861b298c94bdd28b9d"
		},
		{
			"ImportPath": "golang.org/x/oauth2/internal",
			"Rev": "ad516a297a9f2a74ecc244861b298c94bdd28b9d"
		},
		{
			"ImportPath": "golang.org/x/oauth2/clientcredentials",
			"Rev": "ad516a297a9f2a74ecc244861b298c94bdd28b9d"
		}
	]
}